{"cameraMode":{"drawMode":0,"name":"Shaded","section":"Shading Mode"},"sceneLighting":true,"audioPlay":false,"sceneViewState":{"showFog":true,"showMaterialUpdate":false,"showSkybox":true,"showFlares":true,"showImageEffects":true,"showParticleSystems":true},"in2DMode":false,"pivot":{"x":-1.0770530700683594,"y":9.40605354309082,"z":10.90361213684082},"rotation":{"x":0.07756488770246506,"y":0.9223650693893433,"z":-0.2615489065647125,"w":0.2735396921634674},"size":7.510807991027832,"orthographic":false}